{"web":{"client_id":"753659170268-4glv7flgp6kqfteajjktmn0sv5erp6dt.apps.googleusercontent.com","client_secret":"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","project_id":"ymeet-365211","auth_uri":"https://accounts.google.com/o/oauth2/auth","token_uri":"https://oauth2.googleapis.com/token","auth_provider_x509_cert_url":"https://www.googleapis.com/oauth2/v1/certs","redirect_uris":["https://www.yironrecruit.com/meets/gc/auth/login","https://www.yironrecruit.com/meets","https://www.yironrecruit.com/meets/gc/auth/oauth","https://www.yironrecruit.com/meets/gc/auth/oauth2callback"],"javascript_origins":["https://www.yironrecruit.com"]}}